{"image": "assets/ortho.jpg", "z": 16, "width": 6656, "height": 5632, "minLon": 24.4500732421875, "maxLon": 24.5928955078125, "minLat": 48.129434377453144, "maxLat": 48.2100321223404, "attribution": "Esri World Imagery"}